{
  "version": "5.5.0",
  "flags": {},
  "shapes": [
    {
      "label": "U1_Tag2",
      "points": [
        [
          490.46242774566474,
          497.95953757225436
        ],
        [
          538.4393063583815,
          513.2774566473989
        ]
      ],
      "group_id": null,
      "description": "",
      "shape_type": "rectangle",
      "flags": {},
      "mask": null
    },
    {
      "label": "U2_Tag2",
      "points": [
        [
          538.4393063583815,
          497.95953757225436
        ],
        [
          581.7919075144508,
          512.4104046242775
        ]
      ],
      "group_id": null,
      "description": "",
      "shape_type": "rectangle",
      "flags": {},
      "mask": null
    },
    {
      "label": "U3_Tag1",
      "points": [
        [
          581.7919075144508,
          497.38150289017346
        ],
        [
          630.0578034682081,
          512.6994219653179
        ]
      ],
      "group_id": null,
      "description": "",
      "shape_type": "rectangle",
      "flags": {},
      "mask": null
    }
  ],
  "imagePath": "..\\images\\03_qm_3144745_PUA_CJK.png",
  "imageData": null,
  "imageHeight": 628,
  "imageWidth": 924
}