{
  "version": "5.5.0",
  "flags": {},
  "shapes": [
    {
      "label": "U1_Tag1",
      "points": [
        [
          152.89221556886227,
          329.7814371257485
        ],
        [
          234.32934131736525,
          348.3443113772455
        ]
      ],
      "group_id": null,
      "description": "",
      "shape_type": "rectangle",
      "flags": {},
      "mask": null
    },
    {
      "label": "U2_Tag1",
      "points": [
        [
          234.32934131736525,
          326.7874251497006
        ],
        [
          320.55688622754496,
          350.7395209580838
        ]
      ],
      "group_id": null,
      "description": "",
      "shape_type": "rectangle",
      "flags": {},
      "mask": null
    },
    {
      "label": "U3_Tag1",
      "points": [
        [
          321.754491017964,
          327.3862275449102
        ],
        [
          395.40718562874247,
          351.937125748503
        ]
      ],
      "group_id": null,
      "description": "",
      "shape_type": "rectangle",
      "flags": {},
      "mask": null
    }
  ],
  "imagePath": "..\\images\\07_rt_x_image359.png",
  "imageData": null,
  "imageHeight": 541,
  "imageWidth": 498
}